title,image,url,channel
두산 베어스 이승엽 감독 경질된다면 후임은 이 사람?,https://dthumb-phinf.pstatic.net/?src=%22http%3A%2F%2Fblogfiles.naver.net%2FMjAyNTA1MjZfNDYg%2FMDAxNzQ4MjUxMzEyMDA5.RVVL4iz9OiU_Cq5LgXTlPkhsI6bhFFT4pykFrtVtmSAg.rlDGM5kLA8PbRWkgEmFScrk5Osq_3c30LSP7AZ8VSvAg.PNG%2F%EB%91%90%EB%B3%B4.png%22&type=nf722_406&service=sports,https://blog.naver.com/ryan901/223878569081,Smiin
"수천억 부동산 투자, 야구장 밖 박찬호의 성공 비결",https://dthumb-phinf.pstatic.net/?src=%22http%3A%2F%2Fblogfiles.naver.net%2FMjAyNTA1MjRfMjQ1%2FMDAxNzQ4MDUwOTMzMTAy.ZXxILoDuTTkS5WK5TGH1py0lQ0GvmMQBVGd3RghXXx8g._Q2f0NONtbRo4yL-WoZV_d35MiqxqQV6q96QVIhgL7wg.PNG%2F%EC%B0%AC%ED%98%B8%EB%B0%95.png%22&type=nf722_406&service=sports,https://blog.naver.com/ryan901/223876123578,Smiin
"더 브라위너와 이강인 동시 추진…나폴리, PSG 밀려난 천재에 비유럽 쿼터 사용 검토",https://dthumb-phinf.pstatic.net/?src=%22http%3A%2F%2Fimgnews.naver.net%2Fimage%2F109%2F2025%2F05%2F27%2F0005314790_001_20250527104014933.jpg%22&type=nf722_406&service=sports,https://m.sports.naver.com/wfootball/article/109/0005314790,우충원 기자
"한화 이글스, LG 트윈스전 3연전 싹쓸이 도전! 2.5경기 차 판도 바뀐다",https://dthumb-phinf.pstatic.net/?src=%22http%3A%2F%2Fblogfiles.naver.net%2FMjAyNTA1MjZfNTEg%2FMDAxNzQ4MjY1NTg1OTU1.7gQ2elFlAXc8PqLlhgkgd4H_inTDAlrtyuPRP7X0GKEg.rQCmecPLku42yOAxMstHWp3NMJSt2w5gBSWIlGyELIQg.JPEG%2F21.jpg%22&type=nf722_406&service=sports,https://in.naver.com/ashein18/contents/internal/827247936204576,데느님
'1억 FA' 하주석이 불러올 나비효과…심우준 복귀 후에도 쓸 방법이 있다,https://dthumb-phinf.pstatic.net/?src=%22http%3A%2F%2Fblogfiles.naver.net%2FMjAyNTA1MjZfOTcg%2FMDAxNzQ4MTkyNTQ1OTQx.HbIOQEpN_HVsXfjmhU1HkA7fylO01qUGRYmPZazvB2Ig.PQddUYPqW3SYci4Cy9PgDGo3JUz1tVoiooFixeqQUNog.JPEG%2F%ED%95%98%EC%A3%BC%EC%84%9D2025-6.jpg%22&type=nf722_406&service=sports,https://blog.naver.com/beremoth/223877626541,야구 아저씨
"이호성, 전설에서 살인자로 야구 영웅의 충격적인 몰락 진짜 사람이 아니네요",https://dthumb-phinf.pstatic.net/?src=%22http%3A%2F%2Fblogfiles.naver.net%2FMjAyNTA1MjVfOCAg%2FMDAxNzQ4MTAxOTE5ODU2.Cs7KatgyxP5RTuOVLDOQenMrgyVu4LhbtA8pEAXfm68g.E2HxXPoxwXVrreYZd9pjhkNrv1iq7onmp2U1-lsOfGog.PNG%2F%EB%8B%A8%EB%9D%BD_%ED%85%8D%EC%8A%A4%ED%8A%B8_-_2025-05-25T005145.223.png%22&type=nf722_406&service=sports,https://blog.naver.com/sporium_/223876735997,스포리움
트레이드 실패라던 최원태 싫어하지 마세요 결국 LG는 보물을 얻지 않았나요?,https://dthumb-phinf.pstatic.net/?src=%22http%3A%2F%2Fblogfiles.naver.net%2FMjAyNTA1MjVfMzYg%2FMDAxNzQ4MTg0ODI0NzA0.sFiz4jSykUfJ8TVT9t5PMbc1HMugIm4R-bOM-4bRBYsg.KjSqZW4DoQmF2WziRDKLp08zmaR0lTD-iJDLVcM69SYg.PNG%2F%EB%8B%A8%EB%9D%BD_%ED%85%8D%EC%8A%A4%ED%8A%B8_-_2025-05-25T235342.573.png%22&type=nf722_406&service=sports,https://blog.naver.com/sporium_/223877538542,스포리움
5월 마지막주 한화이글스 선발 및 상대 선발 예상 (5.27~6.1),https://dthumb-phinf.pstatic.net/?src=%22http%3A%2F%2Fblogfiles.naver.net%2FMjAyNTA1MjZfMjE3%2FMDAxNzQ4MjExMDE3NDA4.50cFPaV6stxdL_clMd7cnA4j1BX_mtXcNhDz-vnUnIEg.qYpk1kUz0TX9L9wC42pC62Y5NsChGfaEkVNpOpl6vLIg.JPEG%2FIMG%EF%BC%BF2818.JPG%22&type=nf722_406&service=sports,https://blog.naver.com/again99_go_v2/223877721985,방진독수리
"한화 김경문 감독의 김인환 믿음의 야구 ""왜 쓰는지 이해가 안되네요""",https://dthumb-phinf.pstatic.net/?src=%22http%3A%2F%2Fblogfiles.naver.net%2FMjAyNTA1MjVfMTI4%2FMDAxNzQ4MTc4MDYzMTU0.jb1i45iivr0mk_QBhnRZrE8z6hTz_Zn5ziF-qpjoHjAg.wSlGEBSTfPhx6HMmwGlbGQyGCI-ccP7sjYX6A_ZZN4wg.PNG%2F%EC%A0%9C%EB%AA%A9%EC%9D%84-%EC%9E%85%EB%A0%A5%ED%95%B4%EC%A3%BC%EC%84%B8%EC%9A%94__%EB%B3%B5%EC%82%AC%EB%B3%B8-_27_-001_(1).png%22&type=nf722_406&service=sports,https://in.naver.com/baekhw1/contents/internal/826889709337856,빠게룽
차유람 당구 또 은퇴하나? 이웃과 10억 소송전,https://dthumb-phinf.pstatic.net/?src=%22http%3A%2F%2Fblogfiles.naver.net%2FMjAyNTA1MjJfMjY1%2FMDAxNzQ3ODkzODUzODc4.4QJJQk5fGT_GuLspf_hp2wiS-H5KYd_JIfUO-ne_kq8g.cZ4eql6-3msWR2b0lLUiRIqzJYoBTGX-PtEVh0NXq7gg.PNG%2F%EC%A0%9C%EB%AA%A9%EC%9D%84-%EC%9E%85%EB%A0%A5%ED%95%B4%EC%A3%BC%EC%84%B8%EC%9A%94_-003.png%22&type=nf722_406&service=sports,https://blog.naver.com/39messi/223874264683,당구메시
"'포스텍과 결별 임박' 손흥민 새 스승은 인터밀란 UCL 결승행 이끈 '차세대 명장'? 伊 톱기자 ""토트넘이 원한다""",https://dthumb-phinf.pstatic.net/?src=%22http%3A%2F%2Fimgnews.naver.net%2Fimage%2F076%2F2025%2F05%2F27%2F2025052701001658100247431_20250527003015114.jpg%22&type=nf722_406&service=sports,https://m.sports.naver.com/wfootball/article/076/0004280962,박찬준 기자
"‘만나면 홈팀 스윕’ 매직 이번에는?…1위 LG-2위 한화, 잠실 격돌",https://dthumb-phinf.pstatic.net/?src=%22http%3A%2F%2Fimgnews.naver.net%2Fimage%2F421%2F2025%2F05%2F27%2F0008275086_001_20250527063018444.jpg%22&type=nf722_406&service=sports,https://m.sports.naver.com/kbaseball/article/421/0008275086,이상철 기자
"홍명보 이례적 작심발언 ""대표팀 간절하지 않은 선수들 있다, 응집력·신뢰 없으면 못 올라간다""",https://dthumb-phinf.pstatic.net/?src=%22http%3A%2F%2Fimgnews.naver.net%2Fimage%2F108%2F2025%2F05%2F27%2F0003332461_001_20250527000007740.jpg%22&type=nf722_406&service=sports,https://m.sports.naver.com/kfootball/article/108/0003332461,김명석 기자
"이의리가 달라진 건 인대만이 아니다… 1년의 묵언 수행, 더 성숙해진 '사람'이 온다",https://dthumb-phinf.pstatic.net/?src=%22http%3A%2F%2Fimgnews.naver.net%2Fimage%2F477%2F2025%2F05%2F26%2F0000552058_001_20250526221418816.jpg%22&type=nf722_406&service=sports,https://m.sports.naver.com/kbaseball/article/477/0000552058,김태우 기자
"'충격' 한국 마이너리그 2할 타자 전멸, 죄다 1할대...'폭싹 망했수다'",https://dthumb-phinf.pstatic.net/?src=%22http%3A%2F%2Fimgnews.naver.net%2Fimage%2F445%2F2025%2F05%2F26%2F0000302189_001_20250526160508435.png%22&type=nf722_406&service=sports,https://m.sports.naver.com/wbaseball/article/445/0000302189,이상희 기자
"KIA는 시즌 뒤 돈을 얼마나 써야 할까… 박찬호 맑음, 최형우 대박, 최원준 흐림, 조상우 글쎄",https://dthumb-phinf.pstatic.net/?src=%22http%3A%2F%2Fimgnews.naver.net%2Fimage%2F477%2F2025%2F05%2F27%2F0000552069_001_20250527022017645.jpg%22&type=nf722_406&service=sports,https://m.sports.naver.com/kbaseball/article/477/0000552069,김태우 기자
"초대형 선언! 손흥민, 토트넘 종신 바라본다…'모든 러브콜 거절, UCL 위해 캡틴 SON이 이끈다'",https://dthumb-phinf.pstatic.net/?src=%22http%3A%2F%2Fimgnews.naver.net%2Fimage%2F477%2F2025%2F05%2F27%2F0000552075_001_20250527050618945.jpg%22&type=nf722_406&service=sports,https://m.sports.naver.com/wfootball/article/477/0000552075,이민재 기자
"이정후가 살아났다, 3경기 만에 멀티히트+7경기 연속안타…OPS 8할 복귀 임박!",https://dthumb-phinf.pstatic.net/?src=%22http%3A%2F%2Fimgnews.naver.net%2Fimage%2F445%2F2025%2F05%2F27%2F0000302261_001_20250527101712218.png%22&type=nf722_406&service=sports,https://m.sports.naver.com/wbaseball/article/445/0000302261,이상희 기자
"'돈버츠' 다시 '돌버츠'됐나? 친다저스 매체도 뿔났다 ""콘포토 대신 김혜성을 대타로 썼어야!""...39경기 1타점 콘포토 고집에 혀 내둘어",https://dthumb-phinf.pstatic.net/?src=%22http%3A%2F%2Fimgnews.naver.net%2Fimage%2F425%2F2025%2F05%2F26%2F202505261630380605391b55a0d5621122710579_20250526163216228.png%22&type=nf722_406&service=sports,https://m.sports.naver.com/wbaseball/article/425/0000165275,강해영 기자
"'아! 또...' 김혜성 주전 경쟁에서 이렇게 밀리나, 하필 김혜성 빠지자 LAD 속절없는 2연패, 오타니 홈런이 전부였다",https://dthumb-phinf.pstatic.net/?src=%22http%3A%2F%2Fimgnews.naver.net%2Fimage%2F108%2F2025%2F05%2F26%2F0003332310_001_20250526134011725.jpg%22&type=nf722_406&service=sports,https://m.sports.naver.com/wbaseball/article/108/0003332310,김우종 기자
"‘벌써 3연전 예매표 매진’ 달감독의 한화, 염갈량의 LG, 1~2위 빅매치…최고 외인 폰세 앞세운 한화, 잠실 3연패 되갚을까",https://dthumb-phinf.pstatic.net/?src=%22http%3A%2F%2Fimgnews.naver.net%2Fimage%2F109%2F2025%2F05%2F26%2F0005314492_001_20250526174112366.jpg%22&type=nf722_406&service=sports,https://m.sports.naver.com/kbaseball/article/109/0005314492,한용섭 기자
"1,155억 쐈다! 사실상 맨유행 확정…5년 계약+'래시포드 등번호'까지 차지한다",https://dthumb-phinf.pstatic.net/?src=%22http%3A%2F%2Fimgnews.naver.net%2Fimage%2F413%2F2025%2F05%2F26%2F0000198259_001_20250526115011534.jpg%22&type=nf722_406&service=sports,https://m.sports.naver.com/wfootball/article/413/0000198259,주대은 기자
"‘3주째 9위’ 우울한 두산, 반등 기회 올까…‘천군만마’ 15승 다승왕 보다 24.5억 FA 투수가 먼저 돌아온다",https://dthumb-phinf.pstatic.net/?src=%22http%3A%2F%2Fimgnews.naver.net%2Fimage%2F109%2F2025%2F05%2F27%2F0005314592_001_20250527032114104.jpg%22&type=nf722_406&service=sports,https://m.sports.naver.com/kbaseball/article/109/0005314592,한용섭 기자
"이럴 거면 김민재는 왜 팔아?…이해가 안가네! 바이에른 뮌헨, ""이토 부상 전력 이탈, 추가 센터백 영입 필요""",https://dthumb-phinf.pstatic.net/?src=%22http%3A%2F%2Fimgnews.naver.net%2Fimage%2F139%2F2025%2F05%2F26%2F0002224392_001_20250526190108803.jpg%22&type=nf722_406&service=sports,https://m.sports.naver.com/wfootball/article/139/0002224392,황보동혁 기자
LG 구단 역사를 바꾼 우연한 메디컬테스트… '땜빵' 선수가 페타지니까지 지웠다,https://dthumb-phinf.pstatic.net/?src=%22http%3A%2F%2Fimgnews.naver.net%2Fimage%2F477%2F2025%2F05%2F27%2F0000552079_001_20250527053026139.jpg%22&type=nf722_406&service=sports,https://m.sports.naver.com/kbaseball/article/477/0000552079,김태우 기자
‘배구여제→예능리더’ 김연경…‘은퇴는 새출발’ 지휘봉 잡는다!,https://dthumb-phinf.pstatic.net/?src=%22http%3A%2F%2Fimgnews.naver.net%2Fimage%2F468%2F2025%2F05%2F27%2F0001149910_001_20250527003311644.png%22&type=nf722_406&service=sports,https://m.sports.naver.com/kvolleyball/article/468/0001149910,배우근 기자
"""1,644억 다년 계약 노린다"" 장기 결장 불가피해도... 드리블 마술사와 대형 계약 준비하는 댈러스",https://dthumb-phinf.pstatic.net/?src=%22http%3A%2F%2Fimgnews.naver.net%2Fimage%2F398%2F2025%2F05%2F27%2F0000089476_001_20250527083007115.jpg%22&type=nf722_406&service=sports,https://m.sports.naver.com/wbasketball/article/398/0000089476,김혁 기자
'어썸킴 돌아왔다' 9개월 만에 복귀전서 멀티히트 포함 3출루…ML 복귀 빨라진다,https://dthumb-phinf.pstatic.net/?src=%22http%3A%2F%2Fimgnews.naver.net%2Fimage%2F477%2F2025%2F05%2F27%2F0000552134_001_20250527111112932.jpeg%22&type=nf722_406&service=sports,https://m.sports.naver.com/wbaseball/article/477/0000552134,김건일 기자
"WOW, 뉴캐슬도 온다…“구단 역사상 첫 방한, 최고 경기 기대해”",https://dthumb-phinf.pstatic.net/?src=%22http%3A%2F%2Fimgnews.naver.net%2Fimage%2F011%2F2025%2F05%2F27%2F0004490107_001_20250527110109547.jpg%22&type=nf722_406&service=sports,https://m.sports.naver.com/wfootball/article/011/0004490107,양준호 기자
'알론소와 작별' 레버쿠젠의 선택은 맨유에서 잘린 텐하흐,https://dthumb-phinf.pstatic.net/?src=%22http%3A%2F%2Fimgnews.naver.net%2Fimage%2F079%2F2025%2F05%2F27%2F0004028631_001_20250527105511547.jpg%22&type=nf722_406&service=sports,https://m.sports.naver.com/wfootball/article/079/0004028631,김동욱 기자
'전체 27순위의 반란!' 절체절명의 순간에 등장한 깜짝 히어로,https://dthumb-phinf.pstatic.net/?src=%22http%3A%2F%2Fimgnews.naver.net%2Fimage%2F065%2F2025%2F05%2F27%2F0000279908_001_20250527000408794.jpg%22&type=nf722_406&service=sports,https://m.sports.naver.com/wbasketball/article/065/0000279908,이규빈 기자
"""손과 눈의 조합이 만든 멀티히트"" 극찬, 이정후 7G 연속 안타 행진...찬스마다 연결했지만 SF 1-3 DET",https://dthumb-phinf.pstatic.net/?src=%22http%3A%2F%2Fimgnews.naver.net%2Fimage%2F076%2F2025%2F05%2F27%2F2025052701001662000247711_20250527075111925.jpg%22&type=nf722_406&service=sports,https://m.sports.naver.com/wbaseball/article/076/0004280991,노재형 기자
"다저스 233억 버렸는데…최저 연봉에 재취업, 김혜성에게 밀려 방출→전격 LAA행",https://dthumb-phinf.pstatic.net/?src=%22http%3A%2F%2Fimgnews.naver.net%2Fimage%2F109%2F2025%2F05%2F27%2F0005314641_001_20250527070216154.jpg%22&type=nf722_406&service=sports,https://m.sports.naver.com/wbaseball/article/109/0005314641,이상학 기자
"'잉글랜드 리그컵 챔피언' 뉴캐슬, 방한 확정…토트넘·팀 K리그와 경기",https://dthumb-phinf.pstatic.net/?src=%22http%3A%2F%2Fimgnews.naver.net%2Fimage%2F421%2F2025%2F05%2F27%2F0008275771_001_20250527111032281.jpg%22&type=nf722_406&service=sports,https://m.sports.naver.com/wfootball/article/421/0008275771,김도용 기자
"“슈터로서 방향성 잘 잡아주실 것” KT와 3년 재계약, 문경은 감독과 만남 기대한 한희원",https://dthumb-phinf.pstatic.net/?src=%22http%3A%2F%2Fimgnews.naver.net%2Fimage%2F065%2F2025%2F05%2F26%2F0000279907_001_20250526183815510.jpg%22&type=nf722_406&service=sports,https://m.sports.naver.com/kbasketball/article/065/0000279907,조영두 기자
"'땅볼→삼진→실책→땅볼' 6일 만에 선발 나왔는데…'8회 교체' 김혜성 침묵, 그래도 득점은 손에 쥐었다",https://dthumb-phinf.pstatic.net/?src=%22http%3A%2F%2Fimgnews.naver.net%2Fimage%2F117%2F2025%2F05%2F27%2F0003947397_001_20250527100308129.jpg%22&type=nf722_406&service=sports,https://m.sports.naver.com/wbaseball/article/117/0003947397,박승환 기자
"'완벽한 타격 기술' 이정후, 또 멀티 히트로 7G 연속 안타 행진",https://dthumb-phinf.pstatic.net/?src=%22http%3A%2F%2Fimgnews.naver.net%2Fimage%2F079%2F2025%2F05%2F27%2F0004028544_001_20250527091009937.jpg%22&type=nf722_406&service=sports,https://m.sports.naver.com/wbaseball/article/079/0004028544,임종률 기자
"초대박 HERE WE GO 터졌다! '21세기 최고 재능' 야말, 바르셀로나와 2031년까지 재계약 '메시 길 걷는다'",https://dthumb-phinf.pstatic.net/?src=%22http%3A%2F%2Fimgnews.naver.net%2Fimage%2F076%2F2025%2F05%2F27%2F2025052701001677200252041_20250527104820200.jpg%22&type=nf722_406&service=sports,https://m.sports.naver.com/wfootball/article/076/0004281069,김대식 기자
"""원래 경질 예정이었는데"" 포스텍 대반전! 진짜 토트넘 남을 수 있다...""이젠 확실하지 않아"" 토트넘 전담기자 밝혔다",https://dthumb-phinf.pstatic.net/?src=%22http%3A%2F%2Fimgnews.naver.net%2Fimage%2F109%2F2025%2F05%2F27%2F0005314839_001_20250527112014186.jpg%22&type=nf722_406&service=sports,https://m.sports.naver.com/wfootball/article/109/0005314839,고성환 기자
"'유전 터졌나?' 심상치 않은 리버풀, 비르츠-프림퐁-케르케즈 이어 '브라이턴 에이스'까지 눈독...1020억원 제시",https://dthumb-phinf.pstatic.net/?src=%22http%3A%2F%2Fimgnews.naver.net%2Fimage%2F076%2F2025%2F05%2F27%2F2025052701001658000247421_20250527060715603.jpg%22&type=nf722_406&service=sports,https://m.sports.naver.com/wfootball/article/076/0004280972,박찬준 기자
첼시가 챔피언스리그 진출한 이유…경기장 전 지역 뛰어다닌 '이 선수' 덕분,https://dthumb-phinf.pstatic.net/?src=%22http%3A%2F%2Fimgnews.naver.net%2Fimage%2F411%2F2025%2F05%2F27%2F0000064148_001_20250527104509697.png%22&type=nf722_406&service=sports,https://m.sports.naver.com/wfootball/article/411/0000064148,박진우 기자
"'날 무시한 아모링에게 복수 감행' 가르나초, 맨유서 '공개 망신'→아스널 이적 타진! ""측근들 접촉""",https://dthumb-phinf.pstatic.net/?src=%22http%3A%2F%2Fimgnews.naver.net%2Fimage%2F139%2F2025%2F05%2F27%2F0002224439_001_20250527112010872.JPG%22&type=nf722_406&service=sports,https://m.sports.naver.com/wfootball/article/139/0002224439,김경태 기자
"벌써 먹튀? ‘몸값 2493억’ 이정후 동료, 공격과 수비 모두 기대 이하 ‘D-‘ 충격 평점",https://dthumb-phinf.pstatic.net/?src=%22http%3A%2F%2Fimgnews.naver.net%2Fimage%2F109%2F2025%2F05%2F27%2F0005314759_001_20250527094111029.jpg%22&type=nf722_406&service=sports,https://m.sports.naver.com/wbaseball/article/109/0005314759,손찬익 기자
"KIA 최형우, 최고령 타격왕 도전…삼성 디아즈는 50홈런 페이스",https://dthumb-phinf.pstatic.net/?src=%22http%3A%2F%2Fimgnews.naver.net%2Fimage%2F001%2F2025%2F05%2F27%2FPYH2025051809250005400_P4_20250527104018442.jpg%22&type=nf722_406&service=sports,https://m.sports.naver.com/kbaseball/article/001/0015413109,김동찬 기자
"최근 두시즌 ‘총 51득점’ 김희진, 현대건설 유니폼 입고 예전 기량 보여줄까",https://dthumb-phinf.pstatic.net/?src=%22http%3A%2F%2Fimgnews.naver.net%2Fimage%2F144%2F2025%2F05%2F27%2F0001042257_001_20250527001015222.jpg%22&type=nf722_406&service=sports,https://m.sports.naver.com/kvolleyball/article/144/0001042257,심진용 기자
"호날두, 사우디 떠나 또 '충격 이적'…""이번 챕터는 끝났다"" 의미심장 메시지→멕시코-미국-브라질 진출설",https://dthumb-phinf.pstatic.net/?src=%22http%3A%2F%2Fimgnews.naver.net%2Fimage%2F311%2F2025%2F05%2F27%2F0001870692_001_20250527102308374.jpg%22&type=nf722_406&service=sports,https://m.sports.naver.com/kfootball/article/311/0001870692,나승우 기자
'신두형'의 라스트 댄스는 끝나지 않는다...'메호대전' 부활 가능성?,https://dthumb-phinf.pstatic.net/?src=%22http%3A%2F%2Fimgnews.naver.net%2Fimage%2F445%2F2025%2F05%2F27%2F0000302299_001_20250527102108503.png%22&type=nf722_406&service=sports,https://m.sports.naver.com/kfootball/article/445/0000302299,이규원 기자
"오사카 나오미, 프랑스오픈 1회전 탈락 ""뭐 하고 있는거야..."" 눈물의 기자회견",https://dthumb-phinf.pstatic.net/?src=%22http%3A%2F%2Fimgnews.naver.net%2Fimage%2F481%2F2025%2F05%2F27%2F0000010990_001_20250527103708198.jpg%22&type=nf722_406&service=sports,https://m.sports.naver.com/others/article/481/0000010990,김홍주 기자
‘현금 10억+신인 지명권 2장’ 주고 데려왔는데…세이브왕·국대 출신 커리어가 실종됐다,https://dthumb-phinf.pstatic.net/?src=%22http%3A%2F%2Fimgnews.naver.net%2Fimage%2F144%2F2025%2F05%2F27%2F0001042302_001_20250527084110313.jpg%22&type=nf722_406&service=sports,https://m.sports.naver.com/kbaseball/article/144/0001042302,배재흥 기자
"'이대론 안 된다' 삼성, 이참에 세대교체해야! 오승환, 임창민, 김재윤 자리 이호성 배찬승 등 '영건'으로 메워야",https://dthumb-phinf.pstatic.net/?src=%22http%3A%2F%2Fimgnews.naver.net%2Fimage%2F425%2F2025%2F05%2F27%2F202505271011590343791b55a0d5621122710579_20250527101409489.png%22&type=nf722_406&service=sports,https://m.sports.naver.com/kbaseball/article/425/0000165294,강해영 기자
"데뷔 4경기서 3승 무패, ERA 1.71인데…다시 마이너리그 강등",https://dthumb-phinf.pstatic.net/?src=%22http%3A%2F%2Fimgnews.naver.net%2Fimage%2F001%2F2025%2F05%2F27%2FAKR20250527068700007_01_i_P4_20250527111232846.jpg%22&type=nf722_406&service=sports,https://m.sports.naver.com/wbaseball/article/001/0015413277,천병혁 기자
"72억 FA 복귀 임박? 한화, 안치홍도 돌아오면 선두권 경쟁 탄력 받는다",https://dthumb-phinf.pstatic.net/?src=%22http%3A%2F%2Fimgnews.naver.net%2Fimage%2F410%2F2025%2F05%2F27%2F0001069895_001_20250527081106769.jpg%22&type=nf722_406&service=sports,https://m.sports.naver.com/kbaseball/article/410/0001069895,김원익 기자
"'유럽 챔피언' 손흥민, 오늘(27일) 우승메달 걸고 금의환향!…월드컵 본선행 해낸다",https://dthumb-phinf.pstatic.net/?src=%22http%3A%2F%2Fimgnews.naver.net%2Fimage%2F311%2F2025%2F05%2F27%2F0001870694_001_20250527103215705.jpg%22&type=nf722_406&service=sports,https://m.sports.naver.com/kfootball/article/311/0001870694,나승우 기자
"""내가 없어도 한국 이길 것""… 이라크 킬러 후세인, 한국전 못 뛴다",https://dthumb-phinf.pstatic.net/?src=%22http%3A%2F%2Fimgnews.naver.net%2Fimage%2F343%2F2025%2F05%2F27%2F0000132347_001_20250527101510802.jpg%22&type=nf722_406&service=sports,https://m.sports.naver.com/kfootball/article/343/0000132347,김태석 기자
"""부침 있어도 이겨낼 것"" 최악의 타격감→사령탑의 믿음, 무너진 '투타 밸런스 회복'이 SSG 가을야구 필요조건",https://dthumb-phinf.pstatic.net/?src=%22http%3A%2F%2Fimgnews.naver.net%2Fimage%2F108%2F2025%2F05%2F27%2F0003332571_001_20250527112212302.jpg%22&type=nf722_406&service=sports,https://m.sports.naver.com/kbaseball/article/108/0003332571,안호근 기자
"'5승 1패' 압도적 우위 롯데, 삼성 잡고 선두권 도약 기회...삼성전 '3이닝 무실점' 감보아가 선봉장 될까",https://dthumb-phinf.pstatic.net/?src=%22http%3A%2F%2Fimgnews.naver.net%2Fimage%2F139%2F2025%2F05%2F27%2F0002224431_001_20250527100011232.jpg%22&type=nf722_406&service=sports,https://m.sports.naver.com/kbaseball/article/139/0002224431,김유민 기자
"8위로 내려간 기아타이거즈 연패 탈출 위해 에이스 아담 올러 출격 / 박정우 햄스트링 부상으로 1군 말소, 패트릭 위즈덤 주말 KT전 복귀 유력",https://dthumb-phinf.pstatic.net/?src=%22http%3A%2F%2Fblogfiles.naver.net%2FMjAyNTA1MjZfMyAg%2FMDAxNzQ4MjY2MTk5NDcy.8dsTn9JlOemHSsnrR-leMtOGhsc0CvRlq8od4UHSGQ8g.7aZconmLkOXuH9qTgnYMzrxK4v9cepvaKT-0Z764adwg.PNG%2F%EC%A0%9C%EB%AA%A9%EC%9D%84-%EC%9E%85%EB%A0%A5%ED%95%B4%EC%A3%BC%EC%84%B8%EC%9A%94_-001-4.png%22&type=nf722_406&service=sports,https://blog.naver.com/dhkang2184/223878802037,포돌스키
"'2위 결정전'서 위닝 시리즈 챙긴 한화, '72억 FA' 안치홍까지 완전체 복귀 임박? 소프트뱅크 교류전서 멀티히트 2타점 활약",https://dthumb-phinf.pstatic.net/?src=%22http%3A%2F%2Fimgnews.naver.net%2Fimage%2F139%2F2025%2F05%2F26%2F0002224399_001_20250526213110861.jpg%22&type=nf722_406&service=sports,https://m.sports.naver.com/kbaseball/article/139/0002224399,김유민 기자
"'부상+사생활 논란' 손흥민에 홍명보 감독 ""내가 관여할 부분 아냐""…""대표팀 간절하지 않은 선수 있어"" (현장 기자회견) [전문]",https://dthumb-phinf.pstatic.net/?src=%22http%3A%2F%2Fimgnews.naver.net%2Fimage%2F311%2F2025%2F05%2F26%2F0001870366_001_20250526141811251.jpg%22&type=nf722_406&service=sports,https://m.sports.naver.com/kfootball/article/311/0001870366,나승우 기자
"KIA 5치올 물 건너갔다…김도영·최형우만 미치면 6치올도 안 된다, 꽃범호가 운명의 여름을 준비한다",https://dthumb-phinf.pstatic.net/?src=%22http%3A%2F%2Fimgnews.naver.net%2Fimage%2F117%2F2025%2F05%2F27%2F0003947309_001_20250527060710645.jpg%22&type=nf722_406&service=sports,https://m.sports.naver.com/kbaseball/article/117/0003947309,김진성 기자
"'대충격' 리버풀 우승 퍼레이드 인파 속으로 돌진한 차량…""부딪힌 뒤 잠시 멈췄다 다시 가속""→27명 병원 이송",https://dthumb-phinf.pstatic.net/?src=%22http%3A%2F%2Fimgnews.naver.net%2Fimage%2F117%2F2025%2F05%2F27%2F0003947424_001_20250527110212592.jpg%22&type=nf722_406&service=sports,https://m.sports.naver.com/wfootball/article/117/0003947424,김건호 기자
"""도영 선배 직구로 삼진 잡고 싶어요"" 4G 연속 홈런+OPS 1.748이었는데, 배찬승이 꿈을 이뤘다",https://dthumb-phinf.pstatic.net/?src=%22http%3A%2F%2Fimgnews.naver.net%2Fimage%2F117%2F2025%2F05%2F27%2F0003947322_001_20250527054110268.jpg%22&type=nf722_406&service=sports,https://m.sports.naver.com/kbaseball/article/117/0003947322,김경현 기자
한화 김경문 감독 하다 하다 경기 도중에 최재훈 빼고 이재원 넣습니까?.. 3출루하고 있는 선수를..,https://dthumb-phinf.pstatic.net/?src=%22http%3A%2F%2Fblogfiles.naver.net%2FMjAyNTA1MjRfNjcg%2FMDAxNzQ4MDc5MTYwOTkz.nz4rlLVwPHV2_MRW6-4DgDCcTcSwVkXd_rswdhPWuEog.FUk04NVZIrgab-xsWZcgTfv_zImWnEiZetRWZq40OfUg.PNG%2F%EC%A0%9C%EB%AA%A9%EC%9D%84-%EC%9E%85%EB%A0%A5%ED%95%B4%EC%A3%BC%EC%84%B8%EC%9A%94_-001_-_2025-05-24T183236.204.png%22&type=nf722_406&service=sports,https://blog.naver.com/orina_/223876469284,오리나
"현대건설 레전드 황연주, ‘서운하게’ 떠난다 “직접 팀 찾다가 한국도로공사와 계약 논의 중”",https://dthumb-phinf.pstatic.net/?src=%22http%3A%2F%2Fblogfiles.naver.net%2FMjAyNTA1MjVfMjMg%2FMDAxNzQ4MTUyOTg5NTM5.NCNVucY55TnE7_UnNGglXbluoEsSlEx97GRD4yzJjk8g.xQ_pvHhkiS3nO7PQ1CKOuYl9lykaisqU0imeb-ipn4Ig.PNG%2F900%EF%BC%BFNEWS%EF%BC%8D001%EF%BC%88192%EF%BC%89.png%22&type=nf722_406&service=sports,https://blog.naver.com/exercisenews/223877124208,올빼미기자
"작년 이맘때 롯데 성적 아시는 분? 와 진짜 ""어이가 없습니다"" 한 시즌만에 실화야?..",https://dthumb-phinf.pstatic.net/?src=%22http%3A%2F%2Fblogfiles.naver.net%2FMjAyNTA1MjVfMjgw%2FMDAxNzQ4MTAwNTgzMDcy.p52NAIi1wCTMC_I5rZaRuIdeoa0jnIZDH9oXgaFf2Vsg.QnDsqGM1XmOFsUSuL8axXdZHa5YvfAPz98uvkZmI8e0g.PNG%2F%EC%A0%9C%EB%AA%A9%EC%9D%84-%EC%9E%85%EB%A0%A5%ED%95%B4%EC%A3%BC%EC%84%B8%EC%9A%94_-001_-_2025-05-25T002937.081.png%22&type=nf722_406&service=sports,https://blog.naver.com/orina_/223876724446,오리나
"‘6일 만에 선발 출격’ 김혜성, 클리블랜드전서 무안타에 실책",https://dthumb-phinf.pstatic.net/?src=%22http%3A%2F%2Fimgnews.naver.net%2Fimage%2F018%2F2025%2F05%2F27%2F0006024778_001_20250527105909558.jpg%22&type=nf722_406&service=sports,https://m.sports.naver.com/wbaseball/article/018/0006024778,허윤수 기자
이정후보다 더한 놈이 있네… 삼진 잡으면 가문의 영광? 요기 베라를 소환하다니,https://dthumb-phinf.pstatic.net/?src=%22http%3A%2F%2Fimgnews.naver.net%2Fimage%2F477%2F2025%2F05%2F26%2F0000552065_001_20250526233913523.jpg%22&type=nf722_406&service=sports,https://m.sports.naver.com/wbaseball/article/477/0000552065,김태우 기자
"'역대급 죽음의 조 나왔다' 한국, 멕시코·코트디부아르·스위스와 U-17 월드컵 격돌",https://dthumb-phinf.pstatic.net/?src=%22http%3A%2F%2Fimgnews.naver.net%2Fimage%2F108%2F2025%2F05%2F26%2F0003332322_001_20250526143016565.jpg%22&type=nf722_406&service=sports,https://m.sports.naver.com/kfootball/article/108/0003332322,김명석 기자
‘판매량의 50%’ 김도영 유니폼 대박 또 터졌다…티니핑 매출도 폭발,https://dthumb-phinf.pstatic.net/?src=%22http%3A%2F%2Fimgnews.naver.net%2Fimage%2F382%2F2025%2F05%2F27%2F0001199722_001_20250527014216965.jpg%22&type=nf722_406&service=sports,https://m.sports.naver.com/kbaseball/article/382/0001199722,장은상 기자
거만했던 생각 깨졌다. 한화 이글스 괴물 신인 정우주의 반성 그리고 성장,https://dthumb-phinf.pstatic.net/?src=%22http%3A%2F%2Fblogfiles.naver.net%2FMjAyNTA1MjZfMTQg%2FMDAxNzQ4MjIyMjQ4OTU1.hXnJJwZz1lVCEaJAPeIAT1gfAAEEWM6MXIu0I8O3Fnwg.kWEPgncmFSI865_ZSVfO6bDQA-KxthYkU_5utLOBu7Ig.JPEG%2F51.jpg%22&type=nf722_406&service=sports,https://in.naver.com/ashein18/contents/internal/827071649611008,데느님
"이정후, 팀 안타 5개 중 2개 쳐냈다…7경기 연속 안타",https://dthumb-phinf.pstatic.net/?src=%22http%3A%2F%2Fimgnews.naver.net%2Fimage%2F421%2F2025%2F05%2F27%2F0008275089_001_20250527074612029.jpg%22&type=nf722_406&service=sports,https://m.sports.naver.com/wbaseball/article/421/0008275089,이상철 기자
"로버츠에 김혜성은 타율 0.395 타자가 아니다? ""1주일 3~4G 선발"" 플래툰 장담 어기고 2G 연속 배척, 왜?",https://dthumb-phinf.pstatic.net/?src=%22http%3A%2F%2Fimgnews.naver.net%2Fimage%2F076%2F2025%2F05%2F26%2F2025052601001640800245182_20250526170914805.jpg%22&type=nf722_406&service=sports,https://m.sports.naver.com/wbaseball/article/076/0004280892,노재형 기자
"""김혜성 오타니 상대로 3루타성 타구 날렸다"" 최고 구속 156㎞!... 김혜성 아웃시킨 뒤 익살스러운 포즈까지",https://dthumb-phinf.pstatic.net/?src=%22http%3A%2F%2Fimgnews.naver.net%2Fimage%2F108%2F2025%2F05%2F26%2F0003332285_001_20250526115110567.jpg%22&type=nf722_406&service=sports,https://m.sports.naver.com/wbaseball/article/108/0003332285,김우종 기자
"""내가 메이저에 있는 한 맞붙지 않길..."" 어땠길래... 투수 오타니 상대한 루키 포수 왜 감격했나",https://dthumb-phinf.pstatic.net/?src=%22http%3A%2F%2Fimgnews.naver.net%2Fimage%2F117%2F2025%2F05%2F27%2F0003947312_001_20250527042909478.jpg%22&type=nf722_406&service=sports,https://m.sports.naver.com/wbaseball/article/117/0003947312,심혜진 기자
"‘93경기 페이스’ 최강야구 출신 롯데 좌완, 지치지 않을까…왜 염갈량은 “데미지가 크게 없다” 했을까",https://dthumb-phinf.pstatic.net/?src=%22http%3A%2F%2Fimgnews.naver.net%2Fimage%2F109%2F2025%2F05%2F27%2F0005314628_001_20250527064115285.jpg%22&type=nf722_406&service=sports,https://m.sports.naver.com/kbaseball/article/109/0005314628,한용섭 기자
"[오피셜] 韓 축구 초대형 쾌거!…'손흥민 위엄 보소' 토트넘 레전드 확정!→트로피 들고 전설들과 '찰칵'+구단 ""정말 대단한 순간""",https://dthumb-phinf.pstatic.net/?src=%22http%3A%2F%2Fimgnews.naver.net%2Fimage%2F311%2F2025%2F05%2F27%2F0001870601_001_20250527001013162.jpg%22&type=nf722_406&service=sports,https://m.sports.naver.com/wfootball/article/311/0001870601,권동환 기자
"70안타 고지 넘은 단 한 명...롯데 레이예스, 2년 연속 안타왕 향해 순항",https://dthumb-phinf.pstatic.net/?src=%22http%3A%2F%2Fimgnews.naver.net%2Fimage%2F241%2F2025%2F05%2F27%2F0003440061_001_20250527060607681.jpg%22&type=nf722_406&service=sports,https://m.sports.naver.com/kbaseball/article/241/0003440061,안희수 기자
"'희대의 배신자' 위한 초특급 배려! 레알 마드리드, 클럽WC 위해 결단 내렸다! 리버풀에 '77억' 지불 예정",https://dthumb-phinf.pstatic.net/?src=%22http%3A%2F%2Fimgnews.naver.net%2Fimage%2F117%2F2025%2F05%2F27%2F0003947311_001_20250527041609373.jpeg%22&type=nf722_406&service=sports,https://m.sports.naver.com/wfootball/article/117/0003947311,노찬혁 기자
"""큰일날 소리하네"" LAL '언드래프티 신화' BIG3로 성장했는데 방출설? 결국 레이커스에 경고! ""사람들은 아무것도 모른다""",https://dthumb-phinf.pstatic.net/?src=%22http%3A%2F%2Fimgnews.naver.net%2Fimage%2F139%2F2025%2F05%2F27%2F0002224405_001_20250527000614486.jpg%22&type=nf722_406&service=sports,https://m.sports.naver.com/wbasketball/article/139/0002224405,황보동혁 기자
우승 퍼레이드가 악몽이 됐다...리버풀서 끔찍한 테러 발생→무차별 차량 돌진 사상자 속출 [속보],https://dthumb-phinf.pstatic.net/?src=%22http%3A%2F%2Fimgnews.naver.net%2Fimage%2F411%2F2025%2F05%2F27%2F0000064136_001_20250527054311480.png%22&type=nf722_406&service=sports,https://m.sports.naver.com/wfootball/article/411/0000064136,김아인 기자
"'문동주는 KBO 사사키?' 툭하면 2군행...휴식 차원이라지만 또 제기되는 내구성 문제, 118.2이닝이 최다",https://dthumb-phinf.pstatic.net/?src=%22http%3A%2F%2Fimgnews.naver.net%2Fimage%2F425%2F2025%2F05%2F26%2F202505261811290486591b55a0d5621122710579_20250526181410581.png%22&type=nf722_406&service=sports,https://m.sports.naver.com/kbaseball/article/425/0000165279,강해영 기자
"‘킹’ 제임스의 ‘역대 최초’ NBA 23번째 시즌은 현실로?…르브론 에이전트 “전혀 몰라, 정말이야”",https://dthumb-phinf.pstatic.net/?src=%22http%3A%2F%2Fimgnews.naver.net%2Fimage%2F410%2F2025%2F05%2F27%2F0001069866_001_20250527015007932.jpg%22&type=nf722_406&service=sports,https://m.sports.naver.com/wbasketball/article/410/0001069866,민준구 기자
"""메이저리그 도전 충분한 선수, 류현진처럼 싸울 수 있어"" 염경엽 채찍질 통했나, LG 에이스가 더 강해진다",https://dthumb-phinf.pstatic.net/?src=%22http%3A%2F%2Fimgnews.naver.net%2Fimage%2F477%2F2025%2F05%2F26%2F0000552045_001_20250526195813052.jpg%22&type=nf722_406&service=sports,https://m.sports.naver.com/kbaseball/article/477/0000552045,김태우 기자
"평균 관중 1위 삼성라이온즈···한 달째 매진 라팍, 뜨거운 관심·높아진 수익",https://dthumb-phinf.pstatic.net/?src=%22http%3A%2F%2Fimgnews.naver.net%2Fimage%2F657%2F2025%2F05%2F26%2F0000038821_001_20250526205209979.jpg%22&type=nf722_406&service=sports,https://m.sports.naver.com/kbaseball/article/657/0000038821,석원 기자
'정식선수 전환' 유망주의 인상적인 1군 데뷔. 또다른 '하위 라운더 성공신화'가 기대된다.,https://dthumb-phinf.pstatic.net/?src=%22http%3A%2F%2Fblogfiles.naver.net%2FMjAyNTA1MjBfMTIw%2FMDAxNzQ3NzQxNDcxODI5.QJU-opRCoiADwgW8faWyONnoMmzZjbmMh51ivsUJNpYg.0EqeZliU2oith4ttJqvR8Owy0tqOLzE6jhYk3GbLAp4g.JPEG%2F202505202029774713%EF%BC%BF682c678f69952%EF%BC%BF320x.jpg%22&type=nf722_406&service=sports,https://blog.naver.com/koreanknite/223872185005,카니지
"9개월 공백에도 녹슬지 않은 김하성, 단 한 번의 스윙으로 증명했다",https://dthumb-phinf.pstatic.net/?src=%22http%3A%2F%2Fimgnews.naver.net%2Fimage%2F144%2F2025%2F05%2F27%2F0001042372_001_20250527104513754.jpg%22&type=nf722_406&service=sports,https://m.sports.naver.com/wbaseball/article/144/0001042372,심진용 기자
"‘한국가스공사 이적’ 김국찬, 강혁 감독과 나눴던 이야기는?",https://dthumb-phinf.pstatic.net/?src=%22http%3A%2F%2Fimgnews.naver.net%2Fimage%2F351%2F2025%2F05%2F27%2F0000080230_001_20250527060011729.jpg%22&type=nf722_406&service=sports,https://m.sports.naver.com/kbasketball/article/351/0000080230,손동환 기자
"울주군 1호 홍보대사 축구선수 설영우 ""울주 위상 높일 것""",https://dthumb-phinf.pstatic.net/?src=%22http%3A%2F%2Fimgnews.naver.net%2Fimage%2F001%2F2025%2F05%2F27%2FPCM20250409000028990_P4_20250527103514781.jpg%22&type=nf722_406&service=sports,https://m.sports.naver.com/kfootball/article/001/0015413092,장영은 기자
"'삼천리 한솥밥' 유현조, 마다솜 US여자오픈 동반 연습라운드로 개막 준비",https://dthumb-phinf.pstatic.net/?src=%22http%3A%2F%2Fimgnews.naver.net%2Fimage%2F018%2F2025%2F05%2F26%2F0006024421_001_20250526193509757.jpg%22&type=nf722_406&service=sports,https://m.sports.naver.com/golf/article/018/0006024421,주영로 기자
"""끝까지 남은 자, 진정한 전설"" 토트넘 팬들, 손흥민의 헌신과 충성심에 찬사",https://dthumb-phinf.pstatic.net/?src=%22http%3A%2F%2Fimgnews.naver.net%2Fimage%2F109%2F2025%2F05%2F27%2F0005314797_001_20250527104412683.jpg%22&type=nf722_406&service=sports,https://m.sports.naver.com/wfootball/article/109/0005314797,강필주 기자
"""세계 최강 맡았다"" 안첼로티, 브라질 대표팀 공식 부임…'2026 WC 우승 목표' 선언!",https://dthumb-phinf.pstatic.net/?src=%22http%3A%2F%2Fimgnews.naver.net%2Fimage%2F343%2F2025%2F05%2F27%2F0000132352_001_20250527105210739.jpg%22&type=nf722_406&service=sports,https://m.sports.naver.com/wfootball/article/343/0000132352,김태석 기자
"이강인, '777억 잭팟!' 터지기 직전→""감독도 없는 팀을 왜 가?"" 팬들은 '이적 반대'",https://dthumb-phinf.pstatic.net/?src=%22http%3A%2F%2Fimgnews.naver.net%2Fimage%2F311%2F2025%2F05%2F27%2F0001870620_001_20250527061409606.jpg%22&type=nf722_406&service=sports,https://m.sports.naver.com/wfootball/article/311/0001870620,용환주 기자
"멀티골 폭발! '0-2→3-2' 울산 대역전승 만든 에릭, K리그1 15라운드 MVP...K리그2는 인천 무고사",https://dthumb-phinf.pstatic.net/?src=%22http%3A%2F%2Fimgnews.naver.net%2Fimage%2F109%2F2025%2F05%2F27%2F0005314770_001_20250527100019277.jpg%22&type=nf722_406&service=sports,https://m.sports.naver.com/kfootball/article/109/0005314770,고성환 기자
"‘3승 2무 8패→7승 2패’ 반등 시작한 마법사 군단, 두산 상대로 기세 잇나…‘前 곰 사냥꾼’ 고영표 손끝에 ‘주목’",https://dthumb-phinf.pstatic.net/?src=%22http%3A%2F%2Fimgnews.naver.net%2Fimage%2F139%2F2025%2F05%2F27%2F0002224438_001_20250527110509730.jpg%22&type=nf722_406&service=sports,https://m.sports.naver.com/kbaseball/article/139/0002224438,한휘 기자
"드디어 창원 가는 NC, ‘원정팬 이동편의’ 카드까지 꺼내든 창원시 공약…반드시 지켜져야 한다",https://dthumb-phinf.pstatic.net/?src=%22http%3A%2F%2Fimgnews.naver.net%2Fimage%2F382%2F2025%2F05%2F27%2F0001199808_001_20250527103609093.jpg%22&type=nf722_406&service=sports,https://m.sports.naver.com/kbaseball/article/382/0001199808,강산 기자
"""늙고 몸도 안 따라줘, 그만 은퇴해야"" 전설 호날두 大굴욕...'방출설→유럽 무관심' 퇴물 전락?",https://dthumb-phinf.pstatic.net/?src=%22http%3A%2F%2Fimgnews.naver.net%2Fimage%2F413%2F2025%2F05%2F27%2F0000198303_001_20250527051512162.jpg%22&type=nf722_406&service=sports,https://m.sports.naver.com/kfootball/article/413/0000198303,김진혁 기자
"'3타 차 선두→공동 6위 추락' 김성현, 녹스빌 오픈 마지막 날 '샷 난조'로 우승 놓쳐",https://dthumb-phinf.pstatic.net/?src=%22http%3A%2F%2Fimgnews.naver.net%2Fimage%2F425%2F2025%2F05%2F27%2F20250526083934051106cf2d78c681245156135_20250527031109915.png%22&type=nf722_406&service=sports,https://m.sports.naver.com/golf/article/425/0000165287,진병두 기자
"'빅 4 재결합' 나달 은퇴식, 조코비치·페더러·머리와 마지막 포옹...1만5천 팬 앞서 눈물의 롤랑가로스",https://dthumb-phinf.pstatic.net/?src=%22http%3A%2F%2Fimgnews.naver.net%2Fimage%2F425%2F2025%2F05%2F27%2F20250526084941010276cf2d78c681245156135_20250527031309937.png%22&type=nf722_406&service=sports,https://m.sports.naver.com/others/article/425/0000165288,이종균 기자
"0-2→3-2 역전승 울산, 15R 베스트팀·매치 싹쓸이",https://dthumb-phinf.pstatic.net/?src=%22http%3A%2F%2Fimgnews.naver.net%2Fimage%2F241%2F2025%2F05%2F27%2F0003440116_001_20250527100211288.png%22&type=nf722_406&service=sports,https://m.sports.naver.com/kfootball/article/241/0003440116,김우중 기자
"'황당' 中 자랑 '중국 손흥민', 월드컵 '단 한 번도' 못 뛰고 은퇴 각! 깜짝 '국대 소집 해제→원소속팀 복귀'",https://dthumb-phinf.pstatic.net/?src=%22http%3A%2F%2Fimgnews.naver.net%2Fimage%2F108%2F2025%2F05%2F27%2F0003332463_001_20250527002010040.jpg%22&type=nf722_406&service=sports,https://m.sports.naver.com/kfootball/article/108/0003332463,박건도 기자
